{
  "text2sql_0": 418.2099058726052,
  "text2sql_1": 282.7994735232964,
  "text2sql_2": 220.07231429271553,
  "text2sql_3": 393.67500982772543,
  "text2sql_4": 304.71562452369426,
  "text2sql_5": 160.65340571744701,
  "text2sql_6": 338.64371194878316,
  "text2sql_7": 290.4349511657228,
  "text2sql_8": 364.0542740000099,
  "text2sql_9": 397.6855591600908,
  "text2sql_10": 384.67065141143485,
  "text2sql_11": 397.26789859141627,
  "text2sql_12": 374.1818738618287,
  "text2sql_13": 154.76906189371826,
  "text2sql_14": 407.11265965869813,
  "text2sql_15": 271.2669042948737,
  "text2sql_16": 400.84425293356566,
  "text2sql_17": 274.22595017665714,
  "text2sql_18": 396.2161172476066,
  "text2sql_19": 268.5273569075643,
  "text2sql_20": 398.62506541010083,
  "text2sql_21": 323.6776349394503,
  "text2sql_22": 387.07305985688555,
  "text2sql_23": 307.25274088765434,
  "text2sql_24": 387.64106994944075,
  "text2sql_25": 270.29423996991403,
  "text2sql_26": 269.52110648247447,
  "text2sql_27": 301.50716216912963,
  "text2sql_28": 384.091327069333,
  "text2sql_29": 252.85711625590008,
  "text2sql_30": 378.59917652509813,
  "text2sql_31": 347.1373468900807,
  "text2sql_32": 390.2344168184271,
  "text2sql_33": 366.5179070251866,
  "text2sql_34": 343.64884098971635,
  "text2sql_35": 365.7378124160556,
  "text2sql_36": 336.97874552028696,
  "text2sql_37": 327.2132554504624,
  "text2sql_38": 282.5931385261776,
  "text2sql_39": 350.8186534464158,
  "text2sql_40": 378.8238818688027,
  "text2sql_41": 380.85221729970186,
  "text2sql_42": 370.18552506844225,
  "text2sql_43": 275.87302983406846,
  "text2sql_44": 291.81858469396803,
  "text2sql_45": 241.7167608612955,
  "text2sql_46": 270.36798401504166,
  "text2sql_47": 249.16395600173428,
  "text2sql_48": 440.9617524766818,
  "text2sql_49": 369.6049898708616,
  "text2sql_50": 297.6044568045213,
  "text2sql_51": 275.99597078208143,
  "text2sql_52": 137.47826179450553,
  "text2sql_53": 344.5180867179493,
  "text2sql_54": 347.7722144463746,
  "text2sql_55": 369.06822602658224,
  "text2sql_56": 320.13533748462106,
  "text2sql_57": 181.94927839360895,
  "text2sql_58": 353.77299190982285,
  "text2sql_59": 382.5066587473429,
  "text2sql_60": 333.63274319575424,
  "text2sql_61": 357.8778321688256,
  "text2sql_62": 360.74577601541455,
  "text2sql_63": 355.1120340412536,
  "text2sql_64": 343.7649840316387,
  "text2sql_65": 372.4277724715895,
  "text2sql_66": 426.1102757472947,
  "text2sql_67": 395.1234057885644,
  "text2sql_68": 217.35905030166748,
  "text2sql_69": 348.2856584501715,
  "text2sql_70": 251.12510366571337,
  "text2sql_71": 354.57091025420186,
  "text2sql_72": 204.29346453864963,
  "text2sql_73": 398.0030372773747,
  "text2sql_74": 301.46466268482675,
  "text2sql_75": 305.9605922076783,
  "text2sql_76": 341.5992137006958,
  "text2sql_77": 227.1738567505476,
  "text2sql_78": 412.234281182705,
  "text2sql_79": 344.120702955914,
  "text2sql_80": 376.8069049897614,
  "text2sql_81": 327.1474592132802,
  "text2sql_82": 304.11988469438325,
  "text2sql_83": 341.3410185889869,
  "text2sql_84": 191.60919178698023,
  "text2sql_85": 366.68938151299017,
  "text2sql_86": 219.55794536388888,
  "text2sql_87": 391.31771021312835,
  "text2sql_88": 343.62630645863067,
  "text2sql_89": 333.1269901700916,
  "text2sql_90": 339.4807847942898,
  "text2sql_91": 290.6889647092058,
  "text2sql_92": 281.59921569312667,
  "text2sql_93": 344.1383319568969,
  "text2sql_94": 302.9591025636418,
  "text2sql_95": 328.075598097875,
  "text2sql_96": 380.18607172185784,
  "text2sql_97": 353.30373810143055,
  "text2sql_98": 210.6579529895558,
  "text2sql_99": 417.190625178643,
  "text2sql_100": 325.9112534573758,
  "text2sql_101": 348.39000662920506,
  "text2sql_102": 307.9918870613277,
  "text2sql_103": 333.0654928156193,
  "text2sql_104": 320.4704955414041,
  "text2sql_105": 275.4840671835583,
  "text2sql_106": 318.95276504811517,
  "text2sql_107": 201.12809687839547,
  "text2sql_108": 254.42049022044006,
  "text2sql_109": 332.97131801403464
}